time_stamp,info,Epochs,Learning Rate,hidden_dimension,num_layers,num_bases,Model,F1,precision,recall,hits@1,hits@3,hits@5,mrr,precision@1,precision@3,precision@5,recall@1,recall@3,recall@5,model_directory,triples_path,entities_labels_path,properties_labels_path,LM_embeddings_path,KG_embeddings_path,training_questions_concepts_answers_file_path,testing_questions_concepts_answers_file_path
2023:10:29 16:50:30,Task: 1-hop MetaQA with GCN; node embeddings initialized with distmult,2,0.01,16,2,,"GCN(
  (layers): ModuleList(
    (0): GCNConv(868, 16)
    (1): ReLU()
    (2): Dropout(p=0.2, inplace=False)
    (3): GCNConv(16, 2)
  )
)",0.3294635811996567,0.230081563845255,0.9654250862906738,0.3536744747159948,0.5982708354277672,0.7541972454006233,0.4317731602562024,0.3536744747159948,0.29322073657049025,0.24930129687342917,0.1818933871051135,0.4524068041983351,0.6410733674577322,./core/experiments/qa/results/20231029162546,./data/MetaQA/source_data/kb.txt,./data/MetaQA/source_data/kb_entities.csv,./data/MetaQA/source_data/kb_properties.txt,,./data/MetaQA/graph_embeddings/distmult,data/MetaQA/source_data/one-hop/qca_train.csv,data/MetaQA/source_data/one-hop/qca_test.csv
2023:10:29 17:30:32,Task: 1-hop MetaQA with GCN; node embeddings initialized with complex,2,0.01,16,5,,"GCN(
  (layers): ModuleList(
    (0): GCNConv(868, 16)
    (1): ReLU()
    (2): Dropout(p=0.2, inplace=False)
    (3): GCNConv(16, 16)
    (4): ReLU()
    (5): Dropout(p=0.2, inplace=False)
    (6): GCNConv(16, 16)
    (7): ReLU()
    (8): Dropout(p=0.2, inplace=False)
    (9): GCNConv(16, 16)
    (10): ReLU()
    (11): Dropout(p=0.2, inplace=False)
    (12): GCNConv(16, 2)
  )
)",0.3372987831195305,0.22994551127631613,0.978175999463825,0.34412385643912735,0.569920579069066,0.7319794913039107,0.4150521373509624,0.34412385643912735,0.28812707348949435,0.24646627123755907,0.1769815418023887,0.4445478517139755,0.6337831549557934,./core/experiments/qa/results/20231029165510,./data/MetaQA/source_data/kb.txt,./data/MetaQA/source_data/kb_entities.csv,./data/MetaQA/source_data/kb_properties.txt,,./data/MetaQA/graph_embeddings/complex,data/MetaQA/source_data/one-hop/qca_train.csv,data/MetaQA/source_data/one-hop/qca_test.csv
2023:10:29 18:30:14,Task: 1-hop MetaQA with GCN; node embeddings initialized with complex,5,0.01,16,2,,"GCN(
  (layers): ModuleList(
    (0): GCNConv(868, 16)
    (1): ReLU()
    (2): Dropout(p=0.2, inplace=False)
    (3): GCNConv(16, 2)
  )
)",0.31095615980586727,0.20859356363304016,0.9708873697262156,0.36754800442344426,0.6083241178244697,0.7555041721121947,0.43802765346471817,0.36754800442344426,0.2959016118762776,0.2498039609932643,0.1890284887027558,0.45654309497957707,0.6423659583268704,./core/experiments/qa/results/20231029173236,./data/MetaQA/source_data/kb.txt,./data/MetaQA/source_data/kb_entities.csv,./data/MetaQA/source_data/kb_properties.txt,,./data/MetaQA/graph_embeddings/complex,data/MetaQA/source_data/one-hop/qca_train.csv,data/MetaQA/source_data/one-hop/qca_test.csv
2023:10:29 19:18:56,Task: 1-hop MetaQA with GCN; node embeddings initialized with distmult,5,0.01,16,2,,"GCN(
  (layers): ModuleList(
    (0): GCNConv(868, 16)
    (1): ReLU()
    (2): Dropout(p=0.2, inplace=False)
    (3): GCNConv(16, 2)
  )
)",0.34218705490522827,0.2380647001522157,0.9749254381555577,0.3512616869407862,0.6048054689856238,0.7643510606212929,0.4330603704579869,0.3512616869407862,0.29492979457792967,0.2510103548808686,0.18065249987074092,0.45504368957137686,0.6454681764128019,./core/experiments/qa/results/20231029183014,./data/MetaQA/source_data/kb.txt,./data/MetaQA/source_data/kb_entities.csv,./data/MetaQA/source_data/kb_properties.txt,,./data/MetaQA/graph_embeddings/distmult,data/MetaQA/source_data/one-hop/qca_train.csv,data/MetaQA/source_data/one-hop/qca_test.csv
2023:10:29 20:06:50,Task: 1-hop MetaQA with GCN; node embeddings initialized with transe,5,0.01,16,2,,"GCN(
  (layers): ModuleList(
    (0): GCNConv(868, 16)
    (1): ReLU()
    (2): Dropout(p=0.2, inplace=False)
    (3): GCNConv(16, 2)
  )
)",0.21149667030042227,0.1257653823834184,0.9947974263597065,0.3633256258168292,0.6253141650748969,0.7775208605609731,0.4457854610860053,0.3633256258168292,0.29633725411346806,0.251774404343018,0.18685693604260378,0.4572152422315289,0.6474329145338917,./core/experiments/qa/results/20231029191856,./data/MetaQA/source_data/kb.txt,./data/MetaQA/source_data/kb_entities.csv,./data/MetaQA/source_data/kb_properties.txt,,./data/MetaQA/graph_embeddings/transe,data/MetaQA/source_data/one-hop/qca_train.csv,data/MetaQA/source_data/one-hop/qca_test.csv
2023:10:29 23:12:40,Task: 1-hop MetaQA with RGCN; node embeddings initialized with complex,5,0.01,16,2,,"RGCN(
  (layers): ModuleList(
    (0): RGCNConv(868, 16, num_relations=18)
    (1): ReLU()
    (2): Dropout(p=0.2, inplace=False)
    (3): RGCNConv(16, 2, num_relations=18)
  )
)",0.3665804585531917,0.31802203324124956,0.9958369685123786,0.4370161857846587,0.6865386548708153,0.8043631245601689,0.5154672522780497,0.4370161857846587,0.3105123822928186,0.2497637478636775,0.2247557003257329,0.4790858797373455,0.6422625510573393,./core/experiments/qa/results/20231029200650,./data/MetaQA/source_data/kb.txt,./data/MetaQA/source_data/kb_entities.csv,./data/MetaQA/source_data/kb_properties.txt,,./data/MetaQA/graph_embeddings/complex,data/MetaQA/source_data/one-hop/qca_train.csv,data/MetaQA/source_data/one-hop/qca_test.csv
2023:10:30 02:20:57,Task: 1-hop MetaQA with RGCN; node embeddings initialized with distmult,5,0.01,16,2,,"RGCN(
  (layers): ModuleList(
    (0): RGCNConv(868, 16, num_relations=18)
    (1): ReLU()
    (2): Dropout(p=0.2, inplace=False)
    (3): RGCNConv(16, 2, num_relations=18)
  )
)",0.3790724340014168,0.3258372296845461,0.9775349709216758,0.4590328742334372,0.685131195335277,0.808686035990751,0.5340745398844066,0.4590328742334372,0.3021346469622332,0.2418618678998693,0.23607879633938267,0.4661599710459645,0.6219430225944884,./core/experiments/qa/results/20231029231240,./data/MetaQA/source_data/kb.txt,./data/MetaQA/source_data/kb_entities.csv,./data/MetaQA/source_data/kb_properties.txt,,./data/MetaQA/graph_embeddings/distmult,data/MetaQA/source_data/one-hop/qca_train.csv,data/MetaQA/source_data/one-hop/qca_test.csv
2023:10:30 05:24:51,Task: 1-hop MetaQA with RGCN; node embeddings initialized with transe,5,0.01,16,2,,"RGCN(
  (layers): ModuleList(
    (0): RGCNConv(868, 16, num_relations=18)
    (1): ReLU()
    (2): Dropout(p=0.2, inplace=False)
    (3): RGCNConv(16, 2, num_relations=18)
  )
)",0.361184585972926,0.3048895268105953,0.977329765255508,0.40203076304413393,0.6648235648939379,0.8303005931436614,0.5127563825816164,0.40203076304413393,0.28229616969940685,0.2326731677892832,0.20676283542733054,0.4355514192647743,0.5983144615066439,./core/experiments/qa/results/20231030022057,./data/MetaQA/source_data/kb.txt,./data/MetaQA/source_data/kb_entities.csv,./data/MetaQA/source_data/kb_properties.txt,,./data/MetaQA/graph_embeddings/transe,data/MetaQA/source_data/one-hop/qca_train.csv,data/MetaQA/source_data/one-hop/qca_test.csv
2023:10:30 06:36:08,Task: 1-hop MetaQA with RGAT; node embeddings initialized with complex,5,0.01,16,2,,"RGAT(
  (layers): ModuleList(
    (0): RGATConv(868, 16, heads=1)
    (1): ReLU()
    (2): Dropout(p=0.2, inplace=False)
    (3): RGATConv(16, 2, heads=1)
  )
)",0.3638004761550757,0.31824460845838864,0.9950691043482841,0.4454609429978888,0.6481351161154116,0.7676686438122047,0.5037865147791099,0.4454609429978888,0.31141717770852184,0.253362822961697,0.2290988056460369,0.4804818778760147,0.6515175016803681,./core/experiments/qa/results/20231030052451,./data/MetaQA/source_data/kb.txt,./data/MetaQA/source_data/kb_entities.csv,./data/MetaQA/source_data/kb_properties.txt,,./data/MetaQA/graph_embeddings/complex,data/MetaQA/source_data/one-hop/qca_train.csv,data/MetaQA/source_data/one-hop/qca_test.csv
2023:10:30 07:46:21,Task: 1-hop MetaQA with RGAT; node embeddings initialized with distmult,5,0.01,16,2,,"RGAT(
  (layers): ModuleList(
    (0): RGATConv(868, 16, heads=1)
    (1): ReLU()
    (2): Dropout(p=0.2, inplace=False)
    (3): RGATConv(16, 2, heads=1)
  )
)",0.2953171134613742,0.22324024738175832,0.9865130429370904,0.4007238363325626,0.7038303005931437,0.8482959686337589,0.5347645501749902,0.4007238363325626,0.28692067960189,0.23597064441540164,0.20609068817537873,0.4426865208624166,0.6067938576081898,./core/experiments/qa/results/20231030063608,./data/MetaQA/source_data/kb.txt,./data/MetaQA/source_data/kb_entities.csv,./data/MetaQA/source_data/kb_properties.txt,,./data/MetaQA/graph_embeddings/distmult,data/MetaQA/source_data/one-hop/qca_train.csv,data/MetaQA/source_data/one-hop/qca_test.csv
2023:10:30 09:00:49,Task: 1-hop MetaQA with RGAT; node embeddings initialized with transe,5,0.01,16,2,,"RGAT(
  (layers): ModuleList(
    (0): RGATConv(868, 16, heads=1)
    (1): ReLU()
    (2): Dropout(p=0.2, inplace=False)
    (3): RGATConv(16, 2, heads=1)
  )
)",0.3170960698578379,0.258083569331947,0.9923583085591732,0.41318990650447374,0.5811802553533729,0.7158942394691867,0.472745222810444,0.41318990650447374,0.3027378439060353,0.249341510003016,0.2125019388863037,0.467090636471744,0.6411767747272633,./core/experiments/qa/results/20231030074621,./data/MetaQA/source_data/kb.txt,./data/MetaQA/source_data/kb_entities.csv,./data/MetaQA/source_data/kb_properties.txt,,./data/MetaQA/graph_embeddings/transe,data/MetaQA/source_data/one-hop/qca_train.csv,data/MetaQA/source_data/one-hop/qca_test.csv
2023:10:30 11:30:45,Task: 1-hop MetaQA with GCN; node embeddings initialized with complex+RoBERTa,5,0.01,16,2,,"GCN(
  (layers): ModuleList(
    (0): GCNConv(1636, 16)
    (1): ReLU()
    (2): Dropout(p=0.2, inplace=False)
    (3): GCNConv(16, 2)
  )
)",0.31688730762927936,0.20722723619534045,0.9885643912737508,0.378405549411883,0.6233035085955565,0.7789283200965115,0.45094945533060193,0.378405549411883,0.30052612177876076,0.25320197044334974,0.19461248125743238,0.46367819657721937,0.6511038726022439,./core/experiments/qa/results/20231030101220,./data/MetaQA/source_data/kb.txt,./data/MetaQA/source_data/kb_entities.csv,./data/MetaQA/source_data/kb_properties.txt,./data/MetaQA/graph_embeddings/roberta,./data/MetaQA/graph_embeddings/complex,data/MetaQA/source_data/one-hop/qca_train.csv,data/MetaQA/source_data/one-hop/qca_test.csv
2023:10:30 12:43:41,Task: 1-hop MetaQA with GCN; node embeddings initialized with distmult+RoBERTa,5,0.01,16,2,,"GCN(
  (layers): ModuleList(
    (0): GCNConv(1636, 16)
    (1): ReLU()
    (2): Dropout(p=0.2, inplace=False)
    (3): GCNConv(16, 2)
  )
)",0.27087238826451643,0.17191248133302378,0.9944455614758219,0.3683522670151805,0.6090278475922388,0.7738011460741933,0.44068710124962385,0.3683522670151805,0.3003920780134714,0.25440836433095404,0.18944211778088,0.4634713820381573,0.6542060906881754,./core/experiments/qa/results/20231030113045,./data/MetaQA/source_data/kb.txt,./data/MetaQA/source_data/kb_entities.csv,./data/MetaQA/source_data/kb_properties.txt,./data/MetaQA/graph_embeddings/roberta,./data/MetaQA/graph_embeddings/distmult,data/MetaQA/source_data/one-hop/qca_train.csv,data/MetaQA/source_data/one-hop/qca_test.csv
2023:10:30 13:48:54,Task: 1-hop MetaQA with GCN; node embeddings initialized with transe+RoBERTa,5,0.01,16,2,,"GCN(
  (layers): ModuleList(
    (0): GCNConv(1636, 16)
    (1): ReLU()
    (2): Dropout(p=0.2, inplace=False)
    (3): GCNConv(16, 2)
  )
)",0.24069291199794757,0.14583123304810694,0.9944958278878053,0.3618176334573238,0.6169699406856338,0.7678697094601388,0.43521789596364846,0.3618176334573238,0.2912435910324721,0.2481552226802051,0.18608138152112094,0.44935628974716924,0.6381262602760974,./core/experiments/qa/results/20231030124341,./data/MetaQA/source_data/kb.txt,./data/MetaQA/source_data/kb_entities.csv,./data/MetaQA/source_data/kb_properties.txt,./data/MetaQA/graph_embeddings/roberta,./data/MetaQA/graph_embeddings/transe,data/MetaQA/source_data/one-hop/qca_train.csv,data/MetaQA/source_data/one-hop/qca_test.csv
2023:10:30 17:02:40,Task: 1-hop MetaQA with RGCN; node embeddings initialized with complex+RoBERTa,5,0.01,16,2,,"RGCN(
  (layers): ModuleList(
    (0): RGCNConv(1636, 16, num_relations=18)
    (1): ReLU()
    (2): Dropout(p=0.2, inplace=False)
    (3): RGCNConv(16, 2, num_relations=18)
  )
)",0.3679143675742361,0.3181427702597388,0.9970881265000702,0.4629536543681512,0.7220267417311752,0.8602593746858349,0.5544468406667598,0.4629536543681512,0.31346134512918467,0.25086960892731475,0.23809523809523808,0.48363579959671166,0.6451062509694432,./core/experiments/qa/results/20231030134855,./data/MetaQA/source_data/kb.txt,./data/MetaQA/source_data/kb_entities.csv,./data/MetaQA/source_data/kb_properties.txt,./data/MetaQA/graph_embeddings/roberta,./data/MetaQA/graph_embeddings/complex,data/MetaQA/source_data/one-hop/qca_train.csv,data/MetaQA/source_data/one-hop/qca_test.csv
2023:10:30 20:19:16,Task: 1-hop MetaQA with RGCN; node embeddings initialized with distmult+RoBERTa,5,0.01,16,2,,"RGCN(
  (layers): ModuleList(
    (0): RGCNConv(1636, 16, num_relations=18)
    (1): ReLU()
    (2): Dropout(p=0.2, inplace=False)
    (3): RGCNConv(16, 2, num_relations=18)
  )
)",0.3225559952504906,0.2647844719729408,0.9981151292325515,0.43450286518548303,0.6868402533427164,0.804564190208103,0.5268432634111212,0.43450286518548303,0.2960691665828893,0.23681512013672465,0.2234631094565948,0.4568016131534047,0.6089654102683418,./core/experiments/qa/results/20231030170240,./data/MetaQA/source_data/kb.txt,./data/MetaQA/source_data/kb_entities.csv,./data/MetaQA/source_data/kb_properties.txt,./data/MetaQA/graph_embeddings/roberta,./data/MetaQA/graph_embeddings/distmult,data/MetaQA/source_data/one-hop/qca_train.csv,data/MetaQA/source_data/one-hop/qca_test.csv
2023:10:30 23:33:04,Task: 1-hop MetaQA with RGCN; node embeddings initialized with transe+RoBERTa,5,0.01,16,2,,"RGCN(
  (layers): ModuleList(
    (0): RGCNConv(1636, 16, num_relations=18)
    (1): ReLU()
    (2): Dropout(p=0.2, inplace=False)
    (3): RGCNConv(16, 2, num_relations=18)
  )
)",0.355496945546626,0.31118412073376434,0.9983642199762638,0.43450286518548303,0.685432793807178,0.7962199658188398,0.52805538653088,0.43450286518548303,0.3050836097985992,0.2465466974967327,0.2234631094565948,0.47070989090533066,0.6339899694948555,./core/experiments/qa/results/20231030201916,./data/MetaQA/source_data/kb.txt,./data/MetaQA/source_data/kb_entities.csv,./data/MetaQA/source_data/kb_properties.txt,./data/MetaQA/graph_embeddings/roberta,./data/MetaQA/graph_embeddings/transe,data/MetaQA/source_data/one-hop/qca_train.csv,data/MetaQA/source_data/one-hop/qca_test.csv
2023:10:31 01:13:07,Task: 1-hop MetaQA with RGAT; node embeddings initialized with complex+RoBERTa,5,0.01,16,2,,"RGAT(
  (layers): ModuleList(
    (0): RGATConv(1636, 16, heads=1)
    (1): ReLU()
    (2): Dropout(p=0.2, inplace=False)
    (3): RGATConv(16, 2, heads=1)
  )
)",0.36506524433843895,0.3177603131817331,0.9917826384600286,0.40182969739619984,0.6786970946013874,0.8115009550618277,0.4939219273790353,0.40182969739619984,0.3064910693341376,0.25048758419624007,0.2066594281577995,0.4728814435654827,0.6441238819088982,./core/experiments/qa/results/20231030233304,./data/MetaQA/source_data/kb.txt,./data/MetaQA/source_data/kb_entities.csv,./data/MetaQA/source_data/kb_properties.txt,./data/MetaQA/graph_embeddings/roberta,./data/MetaQA/graph_embeddings/complex,data/MetaQA/source_data/one-hop/qca_train.csv,data/MetaQA/source_data/one-hop/qca_test.csv
2023:10:31 02:49:19,Task: 1-hop MetaQA with RGAT; node embeddings initialized with distmult+RoBERTa,5,0.01,16,2,,"RGAT(
  (layers): ModuleList(
    (0): RGATConv(1636, 16, heads=1)
    (1): ReLU()
    (2): Dropout(p=0.2, inplace=False)
    (3): RGATConv(16, 2, heads=1)
  )
)",0.35878516375175085,0.31564910575298,0.9964406593038342,0.418417613350759,0.669247009148487,0.8199457122750579,0.5044791588722162,0.418417613350759,0.3050836097985992,0.24499849200764048,0.21519052789411094,0.47070989090533066,0.6300087896179102,./core/experiments/qa/results/20231031011307,./data/MetaQA/source_data/kb.txt,./data/MetaQA/source_data/kb_entities.csv,./data/MetaQA/source_data/kb_properties.txt,./data/MetaQA/graph_embeddings/roberta,./data/MetaQA/graph_embeddings/distmult,data/MetaQA/source_data/one-hop/qca_train.csv,data/MetaQA/source_data/one-hop/qca_test.csv
2023:10:31 04:29:03,Task: 1-hop MetaQA with RGAT; node embeddings initialized with transe+RoBERTa,5,0.01,16,2,,"RGAT(
  (layers): ModuleList(
    (0): RGATConv(1636, 16, heads=1)
    (1): ReLU()
    (2): Dropout(p=0.2, inplace=False)
    (3): RGATConv(16, 2, heads=1)
  )
)",0.3389208021081658,0.28903478706562896,0.9939883764906385,0.3884588318085855,0.6599979893435206,0.809088167286619,0.48527853322486897,0.3884588318085855,0.2974431151771053,0.2410374987433397,0.1997828447339848,0.45892146217879115,0.6198231735691019,./core/experiments/qa/results/20231031024919,./data/MetaQA/source_data/kb.txt,./data/MetaQA/source_data/kb_entities.csv,./data/MetaQA/source_data/kb_properties.txt,./data/MetaQA/graph_embeddings/roberta,./data/MetaQA/graph_embeddings/transe,data/MetaQA/source_data/one-hop/qca_train.csv,data/MetaQA/source_data/one-hop/qca_test.csv
2023:10:31 09:52:08,Task: 2-hop MetaQA with GCN; node embeddings initialized with complex,5,0.01,16,3,,"GCN(
  (layers): ModuleList(
    (0): GCNConv(868, 16)
    (1): ReLU()
    (2): Dropout(p=0.2, inplace=False)
    (3): GCNConv(16, 16)
    (4): ReLU()
    (5): Dropout(p=0.2, inplace=False)
    (6): GCNConv(16, 2)
  )
)",0.210772060401329,0.1258114077695834,0.9999111603907463,0.16615115653577192,0.44956966110812263,0.6137708445400754,0.25046096308178095,0.16615115653577192,0.20320064550833783,0.20486820871436257,0.02676472818257639,0.09819871537969953,0.1650076362336579,./core/experiments/qa/results/20231031085955,./data/MetaQA/source_data/kb.txt,./data/MetaQA/source_data/kb_entities.csv,./data/MetaQA/source_data/kb_properties.txt,,./data/MetaQA/graph_embeddings/complex,data/MetaQA/source_data/two-hop/qca_train.csv,data/MetaQA/source_data/two-hop/qca_test.csv
2023:10:31 10:43:48,Task: 2-hop MetaQA with GCN; node embeddings initialized with distmult,5,0.01,16,3,,"GCN(
  (layers): ModuleList(
    (0): GCNConv(868, 16)
    (1): ReLU()
    (2): Dropout(p=0.2, inplace=False)
    (3): GCNConv(16, 16)
    (4): ReLU()
    (5): Dropout(p=0.2, inplace=False)
    (6): GCNConv(16, 2)
  )
)",0.21864185675990905,0.13108929806994252,0.9986839740882372,0.14920656266810112,0.4662452931683701,0.6225793437331899,0.2587827319923897,0.14920656266810112,0.21353326161018468,0.2222431414739107,0.02403518083251194,0.10319205398438093,0.17900198217128993,./core/experiments/qa/results/20231031095208,./data/MetaQA/source_data/kb.txt,./data/MetaQA/source_data/kb_entities.csv,./data/MetaQA/source_data/kb_properties.txt,,./data/MetaQA/graph_embeddings/distmult,data/MetaQA/source_data/two-hop/qca_train.csv,data/MetaQA/source_data/two-hop/qca_test.csv
2023:10:31 11:35:12,Task: 2-hop MetaQA with GCN; node embeddings initialized with transe,5,0.01,16,3,,"GCN(
  (layers): ModuleList(
    (0): GCNConv(868, 16)
    (1): ReLU()
    (2): Dropout(p=0.2, inplace=False)
    (3): GCNConv(16, 16)
    (4): ReLU()
    (5): Dropout(p=0.2, inplace=False)
    (6): GCNConv(16, 2)
  )
)",0.24999218926300332,0.15601384236081192,0.9994533887522485,0.24260355029585798,0.5314685314685315,0.671866594943518,0.28842611628725023,0.24260355029585798,0.24818450779989243,0.23586605701990318,0.03908018586917669,0.11993761034628424,0.18997432925706487,./core/experiments/qa/results/20231031104348,./data/MetaQA/source_data/kb.txt,./data/MetaQA/source_data/kb_entities.csv,./data/MetaQA/source_data/kb_properties.txt,,./data/MetaQA/graph_embeddings/transe,data/MetaQA/source_data/two-hop/qca_train.csv,data/MetaQA/source_data/two-hop/qca_test.csv
2023:10:31 12:36:09,Task: 2-hop MetaQA with GCN; node embeddings initialized with roberta,5,0.01,16,3,,"GCN(
  (layers): ModuleList(
    (0): GCNConv(1536, 16)
    (1): ReLU()
    (2): Dropout(p=0.2, inplace=False)
    (3): GCNConv(16, 16)
    (4): ReLU()
    (5): Dropout(p=0.2, inplace=False)
    (6): GCNConv(16, 2)
  )
)",0.19932032760082385,0.11848512313902809,1.0,0.11410704679935449,0.39537385691231847,0.5883539537385691,0.23836421288419193,0.11410704679935449,0.15458579881656806,0.16141742872512102,0.018381118464521302,0.07470511140235911,0.13001093985247447,./core/experiments/qa/results/20231031113512,./data/MetaQA/source_data/kb.txt,./data/MetaQA/source_data/kb_entities.csv,./data/MetaQA/source_data/kb_properties.txt,,./data/MetaQA/graph_embeddings/roberta,data/MetaQA/source_data/two-hop/qca_train.csv,data/MetaQA/source_data/two-hop/qca_test.csv
2023:10:31 17:20:31,Task: 2-hop MetaQA with RGCN; node embeddings initialized with complex,5,0.01,16,3,,"RGCN(
  (layers): ModuleList(
    (0): RGCNConv(868, 16, num_relations=18)
    (1): ReLU()
    (2): Dropout(p=0.2, inplace=False)
    (3): RGCNConv(16, 16, num_relations=18)
    (4): ReLU()
    (5): Dropout(p=0.2, inplace=False)
    (6): RGCNConv(16, 2, num_relations=18)
  )
)",0.32432845072530303,0.21091827361423707,0.998253772676612,0.27904787520172136,0.5823023130715438,0.7490586336740183,0.37097818400594396,0.27904787520172136,0.28303747534516766,0.26659494351802043,0.04495087897923594,0.13678065054211844,0.21472439153840323,./core/experiments/qa/results/20231031123609,./data/MetaQA/source_data/kb.txt,./data/MetaQA/source_data/kb_entities.csv,./data/MetaQA/source_data/kb_properties.txt,,./data/MetaQA/graph_embeddings/complex,data/MetaQA/source_data/two-hop/qca_train.csv,data/MetaQA/source_data/two-hop/qca_test.csv
2023:10:31 22:05:21,Task: 2-hop MetaQA with RGCN; node embeddings initialized with distmult,5,0.01,16,3,,"RGCN(
  (layers): ModuleList(
    (0): RGCNConv(868, 16, num_relations=18)
    (1): ReLU()
    (2): Dropout(p=0.2, inplace=False)
    (3): RGCNConv(16, 16, num_relations=18)
    (4): ReLU()
    (5): Dropout(p=0.2, inplace=False)
    (6): RGCNConv(16, 2, num_relations=18)
  )
)",0.34276870049287844,0.2269924239367871,0.9985986057810524,0.28604088219472834,0.5774610005379236,0.7268692845615923,0.37884203377939696,0.28604088219472834,0.2823650708266093,0.26457772996234535,0.0460773588379927,0.13645570442901553,0.21309966097288865,./core/experiments/qa/results/20231031172031,./data/MetaQA/source_data/kb.txt,./data/MetaQA/source_data/kb_entities.csv,./data/MetaQA/source_data/kb_properties.txt,,./data/MetaQA/graph_embeddings/distmult,data/MetaQA/source_data/two-hop/qca_train.csv,data/MetaQA/source_data/two-hop/qca_test.csv
2023:11:01 02:46:39,Task: 2-hop MetaQA with RGCN; node embeddings initialized with transe,5,0.01,16,3,,"RGCN(
  (layers): ModuleList(
    (0): RGCNConv(868, 16, num_relations=18)
    (1): ReLU()
    (2): Dropout(p=0.2, inplace=False)
    (3): RGCNConv(16, 16, num_relations=18)
    (4): ReLU()
    (5): Dropout(p=0.2, inplace=False)
    (6): RGCNConv(16, 2, num_relations=18)
  )
)",0.3059388260275729,0.1970848259310494,0.9996416644253183,0.27037385691231847,0.5861350188273265,0.7520844540075309,0.3424328868503342,0.27037385691231847,0.2756858526089295,0.2638111888111888,0.04355361069289343,0.13322790637219328,0.21248226335799314,./core/experiments/qa/results/20231031220521,./data/MetaQA/source_data/kb.txt,./data/MetaQA/source_data/kb_entities.csv,./data/MetaQA/source_data/kb_properties.txt,,./data/MetaQA/graph_embeddings/transe,data/MetaQA/source_data/two-hop/qca_train.csv,data/MetaQA/source_data/two-hop/qca_test.csv
2023:11:01 07:30:08,Task: 2-hop MetaQA with RGCN; node embeddings initialized with roberta,5,0.01,16,3,,"RGCN(
  (layers): ModuleList(
    (0): RGCNConv(1536, 16, num_relations=18)
    (1): ReLU()
    (2): Dropout(p=0.2, inplace=False)
    (3): RGCNConv(16, 16, num_relations=18)
    (4): ReLU()
    (5): Dropout(p=0.2, inplace=False)
    (6): RGCNConv(16, 2, num_relations=18)
  )
)",0.3523890641580843,0.23499655547309442,0.998659113322575,0.27642549757934376,0.5951452393760086,0.7595481441635288,0.3632626844718535,0.27642549757934376,0.28944773175542404,0.2724717590102205,0.04452844903220216,0.1398784701536995,0.21945777325260227,./core/experiments/qa/results/20231101024639,./data/MetaQA/source_data/kb.txt,./data/MetaQA/source_data/kb_entities.csv,./data/MetaQA/source_data/kb_properties.txt,,./data/MetaQA/graph_embeddings/roberta,data/MetaQA/source_data/two-hop/qca_train.csv,data/MetaQA/source_data/two-hop/qca_test.csv
2023:11:01 08:41:57,Task: 2-hop MetaQA with RGAT; node embeddings initialized with complex,5,0.01,16,3,,"RGAT(
  (layers): ModuleList(
    (0): RGATConv(868, 16, heads=1)
    (1): ReLU()
    (2): Dropout(p=0.2, inplace=False)
    (3): RGATConv(16, 16, heads=1)
    (4): ReLU()
    (5): Dropout(p=0.2, inplace=False)
    (6): RGATConv(16, 2, heads=1)
  )
)",0.347951523744234,0.23041168311714033,0.997960372960373,0.258203335126412,0.5114981172673481,0.6756320602474448,0.3689391576263742,0.258203335126412,0.25988434642280794,0.2483996772458311,0.04159310247717254,0.12559167271427488,0.20006932183746196,./core/experiments/qa/results/20231101073008,./data/MetaQA/source_data/kb.txt,./data/MetaQA/source_data/kb_entities.csv,./data/MetaQA/source_data/kb_properties.txt,,./data/MetaQA/graph_embeddings/complex,data/MetaQA/source_data/two-hop/qca_train.csv,data/MetaQA/source_data/two-hop/qca_test.csv
2023:11:01 09:52:27,Task: 2-hop MetaQA with RGAT; node embeddings initialized with distmult,5,0.01,16,3,,"RGAT(
  (layers): ModuleList(
    (0): RGATConv(868, 16, heads=1)
    (1): ReLU()
    (2): Dropout(p=0.2, inplace=False)
    (3): RGATConv(16, 16, heads=1)
    (4): ReLU()
    (5): Dropout(p=0.2, inplace=False)
    (6): RGATConv(16, 2, heads=1)
  )
)",0.34740494536084515,0.23000255167360778,0.9986439842209072,0.2614308768154922,0.508606777837547,0.6748251748251748,0.3580966087836288,0.2614308768154922,0.26194638694638694,0.25095481441635287,0.042113016258137195,0.12658817412779047,0.20212731388711372,./core/experiments/qa/results/20231101084157,./data/MetaQA/source_data/kb.txt,./data/MetaQA/source_data/kb_entities.csv,./data/MetaQA/source_data/kb_properties.txt,,./data/MetaQA/graph_embeddings/distmult,data/MetaQA/source_data/two-hop/qca_train.csv,data/MetaQA/source_data/two-hop/qca_test.csv
2023:11:01 11:03:24,Task: 2-hop MetaQA with RGAT; node embeddings initialized with transe,5,0.01,16,3,,"RGAT(
  (layers): ModuleList(
    (0): RGATConv(868, 16, heads=1)
    (1): ReLU()
    (2): Dropout(p=0.2, inplace=False)
    (3): RGATConv(16, 16, heads=1)
    (4): ReLU()
    (5): Dropout(p=0.2, inplace=False)
    (6): RGATConv(16, 2, heads=1)
  )
)",0.32854746583607847,0.2159320999605368,0.9888684487225963,0.25026896180742336,0.5061188811188811,0.6399273803119957,0.355308386361197,0.25026896180742336,0.24881208535054689,0.24034427111350187,0.04031498109896776,0.12024089338518029,0.19358123111250716,./core/experiments/qa/results/20231101095227,./data/MetaQA/source_data/kb.txt,./data/MetaQA/source_data/kb_entities.csv,./data/MetaQA/source_data/kb_properties.txt,,./data/MetaQA/graph_embeddings/transe,data/MetaQA/source_data/two-hop/qca_train.csv,data/MetaQA/source_data/two-hop/qca_test.csv
2023:11:01 12:17:52,Task: 2-hop MetaQA with RGAT; node embeddings initialized with roberta,5,0.01,16,3,,"RGAT(
  (layers): ModuleList(
    (0): RGATConv(1536, 16, heads=1)
    (1): ReLU()
    (2): Dropout(p=0.2, inplace=False)
    (3): RGATConv(16, 16, heads=1)
    (4): ReLU()
    (5): Dropout(p=0.2, inplace=False)
    (6): RGATConv(16, 2, heads=1)
  )
)",0.3454548943339625,0.22832723659756637,0.9986318563768513,0.25013448090371165,0.5311323292092522,0.6886767079074771,0.35741463403234675,0.25013448090371165,0.2613412228796844,0.2521920387305003,0.040293318024760896,0.12629572262599786,0.2031238153006293,./core/experiments/qa/results/20231101110324,./data/MetaQA/source_data/kb.txt,./data/MetaQA/source_data/kb_entities.csv,./data/MetaQA/source_data/kb_properties.txt,,./data/MetaQA/graph_embeddings/roberta,data/MetaQA/source_data/two-hop/qca_train.csv,data/MetaQA/source_data/two-hop/qca_test.csv
2023:11:01 13:13:04,Task: 2-hop MetaQA with GCN; node embeddings initialized with complex+RoBERTa,5,0.01,16,3,,"GCN(
  (layers): ModuleList(
    (0): GCNConv(1636, 16)
    (1): ReLU()
    (2): Dropout(p=0.2, inplace=False)
    (3): GCNConv(16, 16)
    (4): ReLU()
    (5): Dropout(p=0.2, inplace=False)
    (6): GCNConv(16, 2)
  )
)",0.22806480083463768,0.1392764493451641,0.9972563206655181,0.1906266810112964,0.4695400753093061,0.6239913932221625,0.26632985589089686,0.1906266810112964,0.2152142729065806,0.21627218934911244,0.030707407688225035,0.1040044192671382,0.17419277969736685,./core/experiments/qa/results/20231101121752,./data/MetaQA/source_data/kb.txt,./data/MetaQA/source_data/kb_entities.csv,./data/MetaQA/source_data/kb_properties.txt,./data/MetaQA/graph_embeddings/roberta,./data/MetaQA/graph_embeddings/complex,data/MetaQA/source_data/two-hop/qca_train.csv,data/MetaQA/source_data/two-hop/qca_test.csv
2023:11:01 14:08:52,Task: 2-hop MetaQA with GCN; node embeddings initialized with distmult+RoBERTa,5,0.01,16,3,,"GCN(
  (layers): ModuleList(
    (0): GCNConv(1636, 16)
    (1): ReLU()
    (2): Dropout(p=0.2, inplace=False)
    (3): GCNConv(16, 16)
    (4): ReLU()
    (5): Dropout(p=0.2, inplace=False)
    (6): GCNConv(16, 2)
  )
)",0.1993301393280928,0.11849026369439604,0.9999839657384036,0.15835126412049488,0.5017482517482518,0.67845615922539,0.28245267261383605,0.15835126412049488,0.21232293347677964,0.21581495427649275,0.02550826987857847,0.10260715098079569,0.17382450743585023,./core/experiments/qa/results/20231101131304,./data/MetaQA/source_data/kb.txt,./data/MetaQA/source_data/kb_entities.csv,./data/MetaQA/source_data/kb_properties.txt,./data/MetaQA/graph_embeddings/roberta,./data/MetaQA/graph_embeddings/distmult,data/MetaQA/source_data/two-hop/qca_train.csv,data/MetaQA/source_data/two-hop/qca_test.csv
2023:11:01 15:03:54,Task: 2-hop MetaQA with GCN; node embeddings initialized with transe+RoBERTa,5,0.01,16,3,,"GCN(
  (layers): ModuleList(
    (0): GCNConv(1636, 16)
    (1): ReLU()
    (2): Dropout(p=0.2, inplace=False)
    (3): GCNConv(16, 16)
    (4): ReLU()
    (5): Dropout(p=0.2, inplace=False)
    (6): GCNConv(16, 2)
  )
)",0.24837142796000486,0.1546370663951106,0.9996145211526688,0.2278778913394298,0.5161377084454007,0.6748924152770307,0.2984951714489701,0.2278778913394298,0.24553971669356284,0.23480365788058097,0.03670807924352545,0.11865948896807946,0.18911863782589386,./core/experiments/qa/results/20231101140852,./data/MetaQA/source_data/kb.txt,./data/MetaQA/source_data/kb_entities.csv,./data/MetaQA/source_data/kb_properties.txt,./data/MetaQA/graph_embeddings/roberta,./data/MetaQA/graph_embeddings/transe,data/MetaQA/source_data/two-hop/qca_train.csv,data/MetaQA/source_data/two-hop/qca_test.csv
2023:11:01 19:54:33,Task: 2-hop MetaQA with RGCN; node embeddings initialized with complex+RoBERTa,5,0.01,16,3,,"RGCN(
  (layers): ModuleList(
    (0): RGCNConv(1636, 16, num_relations=18)
    (1): ReLU()
    (2): Dropout(p=0.2, inplace=False)
    (3): RGCNConv(16, 16, num_relations=18)
    (4): ReLU()
    (5): Dropout(p=0.2, inplace=False)
    (6): RGCNConv(16, 2, num_relations=18)
  )
)",0.3152035497961674,0.20419207544962897,0.9976006700836788,0.28160301237224317,0.5597095212479828,0.7296933835395374,0.3885521870898818,0.28160301237224317,0.2790702886856733,0.263663259817106,0.045362477389166295,0.13486346847481126,0.2123631164498554,./core/experiments/qa/results/20231101150354,./data/MetaQA/source_data/kb.txt,./data/MetaQA/source_data/kb_entities.csv,./data/MetaQA/source_data/kb_properties.txt,./data/MetaQA/graph_embeddings/roberta,./data/MetaQA/graph_embeddings/complex,data/MetaQA/source_data/two-hop/qca_train.csv,data/MetaQA/source_data/two-hop/qca_test.csv
2023:11:02 01:14:09,Task: 2-hop MetaQA with RGCN; node embeddings initialized with distmult+RoBERTa,5,0.01,16,3,,"RGCN(
  (layers): ModuleList(
    (0): RGCNConv(1636, 16, num_relations=18)
    (1): ReLU()
    (2): Dropout(p=0.2, inplace=False)
    (3): RGCNConv(16, 16, num_relations=18)
    (4): ReLU()
    (5): Dropout(p=0.2, inplace=False)
    (6): RGCNConv(16, 2, num_relations=18)
  )
)",0.3220998725958521,0.2098538789951422,0.9960762603837858,0.2911511565357719,0.5790747713824637,0.7433431952662722,0.37440521998631504,0.2911511565357719,0.2838891877353416,0.26523668639053255,0.04690055565785341,0.1371922489520488,0.21363040629095675,./core/experiments/qa/results/20231101195433,./data/MetaQA/source_data/kb.txt,./data/MetaQA/source_data/kb_entities.csv,./data/MetaQA/source_data/kb_properties.txt,./data/MetaQA/graph_embeddings/roberta,./data/MetaQA/graph_embeddings/distmult,data/MetaQA/source_data/two-hop/qca_train.csv,data/MetaQA/source_data/two-hop/qca_test.csv
2023:11:02 06:09:59,Task: 2-hop MetaQA with RGCN; node embeddings initialized with transe+RoBERTa,5,0.01,16,3,,"RGCN(
  (layers): ModuleList(
    (0): RGCNConv(1636, 16, num_relations=18)
    (1): ReLU()
    (2): Dropout(p=0.2, inplace=False)
    (3): RGCNConv(16, 16, num_relations=18)
    (4): ReLU()
    (5): Dropout(p=0.2, inplace=False)
    (6): RGCNConv(16, 2, num_relations=18)
  )
)",0.32787705199456985,0.21348329707821642,0.9983897082425484,0.27998924152770305,0.5802178590640129,0.7477138246369016,0.34306554758236957,0.27998924152770305,0.27900304823381744,0.26697149004841314,0.04510252049868397,0.13483097386350096,0.21502767457729927,./core/experiments/qa/results/20231102011409,./data/MetaQA/source_data/kb.txt,./data/MetaQA/source_data/kb_entities.csv,./data/MetaQA/source_data/kb_properties.txt,./data/MetaQA/graph_embeddings/roberta,./data/MetaQA/graph_embeddings/transe,data/MetaQA/source_data/two-hop/qca_train.csv,data/MetaQA/source_data/two-hop/qca_test.csv
2023:11:02 07:29:58,Task: 2-hop MetaQA with RGAT; node embeddings initialized with complex+RoBERTa,5,0.01,16,3,,"RGAT(
  (layers): ModuleList(
    (0): RGATConv(1636, 16, heads=1)
    (1): ReLU()
    (2): Dropout(p=0.2, inplace=False)
    (3): RGATConv(16, 16, heads=1)
    (4): ReLU()
    (5): Dropout(p=0.2, inplace=False)
    (6): RGATConv(16, 2, heads=1)
  )
)",0.34840687545948534,0.2307702960313536,0.9989913932221625,0.2465034965034965,0.48473641742872514,0.6617132867132867,0.3499011378669052,0.2465034965034965,0.2527344450421373,0.2471221086605702,0.039708415021175655,0.1221364123782806,0.19904032581263606,./core/experiments/qa/results/20231102060959,./data/MetaQA/source_data/kb.txt,./data/MetaQA/source_data/kb_entities.csv,./data/MetaQA/source_data/kb_properties.txt,./data/MetaQA/graph_embeddings/roberta,./data/MetaQA/graph_embeddings/complex,data/MetaQA/source_data/two-hop/qca_train.csv,data/MetaQA/source_data/two-hop/qca_test.csv
2023:11:02 08:50:12,Task: 2-hop MetaQA with RGAT; node embeddings initialized with distmult+RoBERTa,5,0.01,16,3,,"RGAT(
  (layers): ModuleList(
    (0): RGATConv(1636, 16, heads=1)
    (1): ReLU()
    (2): Dropout(p=0.2, inplace=False)
    (3): RGATConv(16, 16, heads=1)
    (4): ReLU()
    (5): Dropout(p=0.2, inplace=False)
    (6): RGATConv(16, 2, heads=1)
  )
)",0.3457076054758208,0.22855919333347785,0.9990903847804651,0.24381387842926305,0.5252151694459387,0.690761161915008,0.36523490909094825,0.24381387842926305,0.25844988344988346,0.25204410973641744,0.03927515353703844,0.12489845433965534,0.20300466839249157,./core/experiments/qa/results/20231102072958,./data/MetaQA/source_data/kb.txt,./data/MetaQA/source_data/kb_entities.csv,./data/MetaQA/source_data/kb_properties.txt,./data/MetaQA/graph_embeddings/roberta,./data/MetaQA/graph_embeddings/distmult,data/MetaQA/source_data/two-hop/qca_train.csv,data/MetaQA/source_data/two-hop/qca_test.csv
2023:11:02 10:07:31,Task: 2-hop MetaQA with RGAT; node embeddings initialized with transe+RoBERTa,5,0.01,16,3,,"RGAT(
  (layers): ModuleList(
    (0): RGATConv(1636, 16, heads=1)
    (1): ReLU()
    (2): Dropout(p=0.2, inplace=False)
    (3): RGATConv(16, 16, heads=1)
    (4): ReLU()
    (5): Dropout(p=0.2, inplace=False)
    (6): RGATConv(16, 2, heads=1)
  )
)",0.3479033154902102,0.23052234371873856,0.9984534696073157,0.2280796126949973,0.48460193652501343,0.6662183969876277,0.3261935517357213,0.2280796126949973,0.2526447911063296,0.24747175901022056,0.03674057385483574,0.12209308622986688,0.19932194577732526,./core/experiments/qa/results/20231102085012,./data/MetaQA/source_data/kb.txt,./data/MetaQA/source_data/kb_entities.csv,./data/MetaQA/source_data/kb_properties.txt,./data/MetaQA/graph_embeddings/roberta,./data/MetaQA/graph_embeddings/transe,data/MetaQA/source_data/two-hop/qca_train.csv,data/MetaQA/source_data/two-hop/qca_test.csv
2023:11:03 15:35:16,Task: 1-hop MetaQA with GCN; node embeddings initialized with roberta,5,0.01,16,2,,"GCN(
  (layers): ModuleList(
    (0): GCNConv(1536, 16)
    (1): ReLU()
    (2): Dropout(p=0.2, inplace=False)
    (3): GCNConv(16, 2)
  )
)",0.36283719806791404,0.2709915264095561,0.8579219865286016,0.3404041419523474,0.5309138433698602,0.6600985221674877,0.38268298143235235,0.3404041419523474,0.27050031835394256,0.22957675681109882,0.17506850731606433,0.4173517398273099,0.5903521017527532,./core/experiments/qa/results/20231103140022,./data/MetaQA/source_data/kb.txt,./data/MetaQA/source_data/kb_entities.csv,./data/MetaQA/source_data/kb_properties.txt,,./data/MetaQA/graph_embeddings/roberta,data/MetaQA/source_data/one-hop/qca_train.csv,data/MetaQA/source_data/one-hop/qca_test.csv
2023:11:03 18:46:20,Task: 1-hop MetaQA with RGCN; node embeddings initialized with roberta,5,0.01,16,2,,"RGCN(
  (layers): ModuleList(
    (0): RGCNConv(1536, 16, num_relations=18)
    (1): ReLU()
    (2): Dropout(p=0.2, inplace=False)
    (3): RGCNConv(16, 2, num_relations=18)
  )
)",0.3539349537668456,0.30835558746361674,0.9964060712251122,0.48265808786568815,0.7112697295667035,0.84859756710566,0.5606744866635749,0.48265808786568815,0.3139304983076975,0.25107067457524884,0.2482291505092808,0.484359650483429,0.6456232873170984,./core/experiments/qa/results/20231103153516,./data/MetaQA/source_data/kb.txt,./data/MetaQA/source_data/kb_entities.csv,./data/MetaQA/source_data/kb_properties.txt,,./data/MetaQA/graph_embeddings/roberta,data/MetaQA/source_data/one-hop/qca_train.csv,data/MetaQA/source_data/one-hop/qca_test.csv
2023:11:03 20:13:37,Task: 1-hop MetaQA with RGAT; node embeddings initialized with roberta,5,0.01,16,2,,"RGAT(
  (layers): ModuleList(
    (0): RGATConv(1536, 16, heads=1)
    (1): ReLU()
    (2): Dropout(p=0.2, inplace=False)
    (3): RGATConv(16, 2, heads=1)
  )
)",0.3472656014599443,0.3068632384053634,0.9968595460703634,0.4172112194631547,0.6713581984517946,0.8182366542676184,0.5051295280886349,0.4172112194631547,0.2989175965952884,0.23765959585804766,0.21457008427692467,0.4611964221084742,0.6111369629284938,./core/experiments/qa/results/20231103184620,./data/MetaQA/source_data/kb.txt,./data/MetaQA/source_data/kb_entities.csv,./data/MetaQA/source_data/kb_properties.txt,,./data/MetaQA/graph_embeddings/roberta,data/MetaQA/source_data/one-hop/qca_train.csv,data/MetaQA/source_data/one-hop/qca_test.csv
2023:11:05 00:13:53,Task: 1-hop MetaQA with GCN; node embeddings initialized with gpt2,2,0.01,16,2,,"GCN(
  (layers): ModuleList(
    (0): GCNConv(1536, 16)
    (1): ReLU()
    (2): Dropout(p=0.2, inplace=False)
    (3): GCNConv(16, 2)
  )
)",0.3240757792815595,0.2214038991681659,0.9997738011460742,0.35327234342012664,0.6221976475319192,0.7739016788981602,0.4387649892626553,0.35327234342012664,0.3012298515465299,0.25191515029657185,0.1816865725660514,0.4647639729072954,0.6477948399772504,./core/experiments/qa/results/20231104234224,./data/MetaQA/source_data/kb.txt,./data/MetaQA/source_data/kb_entities.csv,./data/MetaQA/source_data/kb_properties.txt,,./data/MetaQA/graph_embeddings/gpt2,data/MetaQA/source_data/one-hop/qca_train.csv,data/MetaQA/source_data/one-hop/qca_test.csv
2023:11:05 01:36:06,Task: 1-hop MetaQA with RGCN; node embeddings initialized with gpt2,2,0.01,16,2,,"RGCN(
  (layers): ModuleList(
    (0): RGCNConv(1536, 16, num_relations=18)
    (1): ReLU()
    (2): Dropout(p=0.2, inplace=False)
    (3): RGCNConv(16, 2, num_relations=18)
  )
)",0.3569339033867589,0.31366172065440834,0.9962528783504958,0.4707952146375792,0.6685432793807178,0.8173318588519152,0.5408438937782478,0.4707952146375792,0.30880332428537915,0.24759223886598974,0.24212812160694897,0.4764489943643038,0.6366785585026628,./core/experiments/qa/results/20231105001353,./data/MetaQA/source_data/kb.txt,./data/MetaQA/source_data/kb_entities.csv,./data/MetaQA/source_data/kb_properties.txt,,./data/MetaQA/graph_embeddings/gpt2,data/MetaQA/source_data/one-hop/qca_train.csv,data/MetaQA/source_data/one-hop/qca_test.csv
2023:11:05 02:18:25,Task: 1-hop MetaQA with RGAT; node embeddings initialized with gpt2,2,0.01,16,2,,"RGAT(
  (layers): ModuleList(
    (0): RGATConv(1536, 16, heads=1)
    (1): ReLU()
    (2): Dropout(p=0.2, inplace=False)
    (3): RGATConv(16, 2, heads=1)
  )
)",0.35016240938817383,0.30994138502580054,0.9972616773662315,0.39821051573338695,0.5727354981401428,0.7723936865386549,0.46555007527547726,0.39821051573338695,0.29968834824570223,0.2513119533527697,0.20479809730624063,0.4623856057080813,0.6462437309342847,./core/experiments/qa/results/20231105013606,./data/MetaQA/source_data/kb.txt,./data/MetaQA/source_data/kb_entities.csv,./data/MetaQA/source_data/kb_properties.txt,,./data/MetaQA/graph_embeddings/gpt2,data/MetaQA/source_data/one-hop/qca_train.csv,data/MetaQA/source_data/one-hop/qca_test.csv
2023:11:05 03:17:04,Task: 2-hop MetaQA with GCN; node embeddings initialized with gpt2,5,0.01,16,3,,"GCN(
  (layers): ModuleList(
    (0): GCNConv(1536, 16)
    (1): ReLU()
    (2): Dropout(p=0.2, inplace=False)
    (3): GCNConv(16, 16)
    (4): ReLU()
    (5): Dropout(p=0.2, inplace=False)
    (6): GCNConv(16, 2)
  )
)",0.19932032760082385,0.11848512313902809,1.0,0.11410704679935449,0.39537385691231847,0.5883539537385691,0.2384043163475626,0.11410704679935449,0.15458579881656806,0.16141742872512102,0.018381118464521302,0.07470511140235911,0.13001093985247447,./core/experiments/qa/results/20231105021825,./data/MetaQA/source_data/kb.txt,./data/MetaQA/source_data/kb_entities.csv,./data/MetaQA/source_data/kb_properties.txt,,./data/MetaQA/graph_embeddings/gpt2,data/MetaQA/source_data/two-hop/qca_train.csv,data/MetaQA/source_data/two-hop/qca_test.csv
2023:11:05 08:21:44,Task: 2-hop MetaQA with RGCN; node embeddings initialized with gpt2,5,0.01,16,3,,"RGCN(
  (layers): ModuleList(
    (0): RGCNConv(1536, 16, num_relations=18)
    (1): ReLU()
    (2): Dropout(p=0.2, inplace=False)
    (3): RGCNConv(16, 16, num_relations=18)
    (4): ReLU()
    (5): Dropout(p=0.2, inplace=False)
    (6): RGCNConv(16, 2, num_relations=18)
  )
)",0.3299071797383866,0.2165961487457301,0.9985451642134976,0.2775013448090371,0.5840505648197956,0.7493948359332975,0.3681495037181185,0.2775013448090371,0.28368746637977404,0.2687600860677784,0.044701753625857044,0.1370947651181179,0.21646826901205551,./core/experiments/qa/results/20231105031704,./data/MetaQA/source_data/kb.txt,./data/MetaQA/source_data/kb_entities.csv,./data/MetaQA/source_data/kb_properties.txt,,./data/MetaQA/graph_embeddings/gpt2,data/MetaQA/source_data/two-hop/qca_train.csv,data/MetaQA/source_data/two-hop/qca_test.csv
2023:11:05 09:39:37,Task: 2-hop MetaQA with RGAT; node embeddings initialized with gpt2,5,0.01,16,3,,"RGAT(
  (layers): ModuleList(
    (0): RGATConv(1536, 16, heads=1)
    (1): ReLU()
    (2): Dropout(p=0.2, inplace=False)
    (3): RGATConv(16, 16, heads=1)
    (4): ReLU()
    (5): Dropout(p=0.2, inplace=False)
    (6): RGATConv(16, 2, heads=1)
  )
)",0.3472034059668953,0.22975933315876265,0.9989558809488881,0.24569661108122648,0.48957772996234533,0.6688407746100054,0.34962386358787534,0.24569661108122648,0.2502913752913753,0.2430473372781065,0.03957843657593449,0.1209557748340067,0.19575837007029667,./core/experiments/qa/results/20231105082144,./data/MetaQA/source_data/kb.txt,./data/MetaQA/source_data/kb_entities.csv,./data/MetaQA/source_data/kb_properties.txt,,./data/MetaQA/graph_embeddings/gpt2,data/MetaQA/source_data/two-hop/qca_train.csv,data/MetaQA/source_data/two-hop/qca_test.csv
2023:11:05 10:47:18,Task: 1-hop MetaQA with GCN; node embeddings initialized with complex+GPT2,5,0.01,16,2,,"GCN(
  (layers): ModuleList(
    (0): GCNConv(1636, 16)
    (1): ReLU()
    (2): Dropout(p=0.2, inplace=False)
    (3): GCNConv(16, 2)
  )
)",0.2650348920371485,0.1685186945789382,0.9936891716574033,0.3650346838242686,0.6168694078616669,0.7759123353775007,0.44180733357360197,0.3650346838242686,0.30022452330685967,0.25396601990549916,0.18773589783361772,0.46321286386432964,0.6530686107233339,./core/experiments/qa/results/20231105093937,./data/MetaQA/source_data/kb.txt,./data/MetaQA/source_data/kb_entities.csv,./data/MetaQA/source_data/kb_properties.txt,./data/MetaQA/graph_embeddings/gpt2,./data/MetaQA/graph_embeddings/complex,data/MetaQA/source_data/one-hop/qca_train.csv,data/MetaQA/source_data/one-hop/qca_test.csv
2023:11:05 11:52:44,Task: 1-hop MetaQA with GCN; node embeddings initialized with distmult+GPT2,5,0.01,16,2,,"GCN(
  (layers): ModuleList(
    (0): GCNConv(1636, 16)
    (1): ReLU()
    (2): Dropout(p=0.2, inplace=False)
    (3): GCNConv(16, 2)
  )
)",0.31620883943744416,0.21284637419175054,0.9892681210415201,0.3577963204986428,0.6151603498542274,0.7761134010254348,0.4415729014018671,0.3577963204986428,0.2994872825977682,0.2534231426560772,0.18401323613049997,0.46207538389948816,0.6516726125846647,./core/experiments/qa/results/20231105104718,./data/MetaQA/source_data/kb.txt,./data/MetaQA/source_data/kb_entities.csv,./data/MetaQA/source_data/kb_properties.txt,./data/MetaQA/graph_embeddings/gpt2,./data/MetaQA/graph_embeddings/distmult,data/MetaQA/source_data/one-hop/qca_train.csv,data/MetaQA/source_data/one-hop/qca_test.csv
2023:11:05 13:10:23,Task: 1-hop MetaQA with GCN; node embeddings initialized with transe+GPT2,5,0.01,16,2,,"GCN(
  (layers): ModuleList(
    (0): GCNConv(1636, 16)
    (1): ReLU()
    (2): Dropout(p=0.2, inplace=False)
    (3): GCNConv(16, 2)
  )
)",0.26685553970391657,0.16555453706801684,0.9802704332964713,0.36232029757715895,0.6119432994872825,0.752588720217151,0.43369095225133286,0.36232029757715895,0.28869675949197415,0.245420729868302,0.18633989969494855,0.4454268135049894,0.6310945659479862,./core/experiments/qa/results/20231105115244,./data/MetaQA/source_data/kb.txt,./data/MetaQA/source_data/kb_entities.csv,./data/MetaQA/source_data/kb_properties.txt,./data/MetaQA/graph_embeddings/gpt2,./data/MetaQA/graph_embeddings/transe,data/MetaQA/source_data/one-hop/qca_train.csv,data/MetaQA/source_data/one-hop/qca_test.csv
2023:11:05 16:33:03,Task: 1-hop MetaQA with RGCN; node embeddings initialized with complex+GPT2,5,0.01,16,2,,"RGCN(
  (layers): ModuleList(
    (0): RGCNConv(1636, 16, num_relations=18)
    (1): ReLU()
    (2): Dropout(p=0.2, inplace=False)
    (3): RGCNConv(16, 2, num_relations=18)
  )
)",0.3611963251741969,0.3159562629738127,0.9926144278964226,0.4278676988036594,0.641399416909621,0.7740022117221272,0.510130109380112,0.4278676988036594,0.286820146777923,0.22939579772795818,0.2200506695620702,0.44253140995812007,0.5898867690398635,./core/experiments/qa/results/20231105131023,./data/MetaQA/source_data/kb.txt,./data/MetaQA/source_data/kb_entities.csv,./data/MetaQA/source_data/kb_properties.txt,./data/MetaQA/graph_embeddings/gpt2,./data/MetaQA/graph_embeddings/complex,data/MetaQA/source_data/one-hop/qca_train.csv,data/MetaQA/source_data/one-hop/qca_test.csv
2023:11:05 20:09:43,Task: 1-hop MetaQA with RGCN; node embeddings initialized with distmult+GPT2,5,0.01,16,2,,"RGCN(
  (layers): ModuleList(
    (0): RGCNConv(1636, 16, num_relations=18)
    (1): ReLU()
    (2): Dropout(p=0.2, inplace=False)
    (3): RGCNConv(16, 2, num_relations=18)
  )
)",0.3523265345752225,0.30881092370561736,0.9917463349402629,0.3801146074193224,0.5410676585905299,0.6116417010153815,0.43157365058344105,0.3801146074193224,0.2455011561274756,0.18483965014577258,0.19549144304844632,0.3787808282922289,0.4753115143994623,./core/experiments/qa/results/20231105163303,./data/MetaQA/source_data/kb.txt,./data/MetaQA/source_data/kb_entities.csv,./data/MetaQA/source_data/kb_properties.txt,./data/MetaQA/graph_embeddings/gpt2,./data/MetaQA/graph_embeddings/distmult,data/MetaQA/source_data/one-hop/qca_train.csv,data/MetaQA/source_data/one-hop/qca_test.csv
2023:11:05 23:32:26,Task: 1-hop MetaQA with RGCN; node embeddings initialized with transe+GPT2,5,0.01,16,2,,"RGCN(
  (layers): ModuleList(
    (0): RGCNConv(1636, 16, num_relations=18)
    (1): ReLU()
    (2): Dropout(p=0.2, inplace=False)
    (3): RGCNConv(16, 2, num_relations=18)
  )
)",0.3386667485438232,0.28096777998603983,0.9579030767831411,0.38494018296973964,0.6775912335377501,0.8188398512114206,0.514138632328676,0.38494018296973964,0.2789450755671727,0.22792801849803962,0.19797321751719146,0.4303810557882219,0.5861124037019803,./core/experiments/qa/results/20231105200943,./data/MetaQA/source_data/kb.txt,./data/MetaQA/source_data/kb_entities.csv,./data/MetaQA/source_data/kb_properties.txt,./data/MetaQA/graph_embeddings/gpt2,./data/MetaQA/graph_embeddings/transe,data/MetaQA/source_data/one-hop/qca_train.csv,data/MetaQA/source_data/one-hop/qca_test.csv
2023:11:06 01:16:42,Task: 1-hop MetaQA with RGAT; node embeddings initialized with complex+GPT2,5,0.01,16,2,,"RGAT(
  (layers): ModuleList(
    (0): RGATConv(1636, 16, heads=1)
    (1): ReLU()
    (2): Dropout(p=0.2, inplace=False)
    (3): RGATConv(16, 2, heads=1)
  )
)",0.3499045496562578,0.30873520617580774,0.9972592837275657,0.46436111390368956,0.6921684930129688,0.8414597366040012,0.5411589700325765,0.46436111390368956,0.3136959217184411,0.2512315270935961,0.23881908898195542,0.4839977250400703,0.6460369163952225,./core/experiments/qa/results/20231105233226,./data/MetaQA/source_data/kb.txt,./data/MetaQA/source_data/kb_entities.csv,./data/MetaQA/source_data/kb_properties.txt,./data/MetaQA/graph_embeddings/gpt2,./data/MetaQA/graph_embeddings/complex,data/MetaQA/source_data/one-hop/qca_train.csv,data/MetaQA/source_data/one-hop/qca_test.csv
2023:11:06 02:59:26,Task: 1-hop MetaQA with RGAT; node embeddings initialized with distmult+GPT2,5,0.01,16,2,,"RGAT(
  (layers): ModuleList(
    (0): RGATConv(1636, 16, heads=1)
    (1): ReLU()
    (2): Dropout(p=0.2, inplace=False)
    (3): RGATConv(16, 2, heads=1)
  )
)",0.3540320518263498,0.3123607133254222,0.9959379951839991,0.41027445460942996,0.6404946214939178,0.7755102040816326,0.4888965866465453,0.41027445460942996,0.30059314366140544,0.24769277168995676,0.21100253347810352,0.46378160384675043,0.6369370766764904,./core/experiments/qa/results/20231106011642,./data/MetaQA/source_data/kb.txt,./data/MetaQA/source_data/kb_entities.csv,./data/MetaQA/source_data/kb_properties.txt,./data/MetaQA/graph_embeddings/gpt2,./data/MetaQA/graph_embeddings/distmult,data/MetaQA/source_data/one-hop/qca_train.csv,data/MetaQA/source_data/one-hop/qca_test.csv
2023:11:06 04:35:35,Task: 1-hop MetaQA with RGAT; node embeddings initialized with transe+GPT2,5,0.01,16,2,,"RGAT(
  (layers): ModuleList(
    (0): RGATConv(1636, 16, heads=1)
    (1): ReLU()
    (2): Dropout(p=0.2, inplace=False)
    (3): RGATConv(16, 2, heads=1)
  )
)",0.31537872167509046,0.2737848602559961,0.9946491702070728,0.36262189604906003,0.7138835829898462,0.8438725243792098,0.5117981557025972,0.36262189604906003,0.289467511142388,0.2367145873127576,0.18649501059924511,0.44661599710459643,0.6087068920945142,./core/experiments/qa/results/20231106025926,./data/MetaQA/source_data/kb.txt,./data/MetaQA/source_data/kb_entities.csv,./data/MetaQA/source_data/kb_properties.txt,./data/MetaQA/graph_embeddings/gpt2,./data/MetaQA/graph_embeddings/transe,data/MetaQA/source_data/one-hop/qca_train.csv,data/MetaQA/source_data/one-hop/qca_test.csv
2023:11:06 05:35:10,Task: 2-hop MetaQA with GCN; node embeddings initialized with complex+GPT2,5,0.01,16,3,,"GCN(
  (layers): ModuleList(
    (0): GCNConv(1636, 16)
    (1): ReLU()
    (2): Dropout(p=0.2, inplace=False)
    (3): GCNConv(16, 16)
    (4): ReLU()
    (5): Dropout(p=0.2, inplace=False)
    (6): GCNConv(16, 2)
  )
)",0.19932277239016077,0.11848637989582082,1.0,0.13656535771920386,0.4523937600860678,0.610207100591716,0.2478051515827505,0.13656535771920386,0.1982696790389098,0.2053523399677246,0.021998851857067035,0.09581577721694486,0.16539757156938142,./core/experiments/qa/results/20231106043535,./data/MetaQA/source_data/kb.txt,./data/MetaQA/source_data/kb_entities.csv,./data/MetaQA/source_data/kb_properties.txt,./data/MetaQA/graph_embeddings/gpt2,./data/MetaQA/graph_embeddings/complex,data/MetaQA/source_data/two-hop/qca_train.csv,data/MetaQA/source_data/two-hop/qca_test.csv
2023:11:06 06:34:57,Task: 2-hop MetaQA with GCN; node embeddings initialized with distmult+GPT2,5,0.01,16,3,,"GCN(
  (layers): ModuleList(
    (0): GCNConv(1636, 16)
    (1): ReLU()
    (2): Dropout(p=0.2, inplace=False)
    (3): GCNConv(16, 16)
    (4): ReLU()
    (5): Dropout(p=0.2, inplace=False)
    (6): GCNConv(16, 2)
  )
)",0.2065970971786893,0.12319064374186271,0.9997021155570274,0.17852339967724584,0.4589160839160839,0.610207100591716,0.26510692000650954,0.17852339967724584,0.211762596377981,0.21527703066164605,0.028757731009607573,0.10233636255320992,0.173391245951713,./core/experiments/qa/results/20231106053510,./data/MetaQA/source_data/kb.txt,./data/MetaQA/source_data/kb_entities.csv,./data/MetaQA/source_data/kb_properties.txt,./data/MetaQA/graph_embeddings/gpt2,./data/MetaQA/graph_embeddings/distmult,data/MetaQA/source_data/two-hop/qca_train.csv,data/MetaQA/source_data/two-hop/qca_test.csv
2023:11:06 07:33:59,Task: 2-hop MetaQA with GCN; node embeddings initialized with transe+GPT2,5,0.01,16,3,,"GCN(
  (layers): ModuleList(
    (0): GCNConv(1636, 16)
    (1): ReLU()
    (2): Dropout(p=0.2, inplace=False)
    (3): GCNConv(16, 16)
    (4): ReLU()
    (5): Dropout(p=0.2, inplace=False)
    (6): GCNConv(16, 2)
  )
)",0.25639035691042716,0.1622268861215834,0.9970528362281209,0.2641877353415815,0.5317374932759548,0.6738838084991932,0.2937323429877806,0.2641877353415815,0.2562085350546889,0.23991393222162452,0.042557109279377836,0.1238153006293123,0.19323462192519741,./core/experiments/qa/results/20231106063457,./data/MetaQA/source_data/kb.txt,./data/MetaQA/source_data/kb_entities.csv,./data/MetaQA/source_data/kb_properties.txt,./data/MetaQA/graph_embeddings/gpt2,./data/MetaQA/graph_embeddings/transe,data/MetaQA/source_data/two-hop/qca_train.csv,data/MetaQA/source_data/two-hop/qca_test.csv
2023:11:06 12:27:40,Task: 2-hop MetaQA with RGCN; node embeddings initialized with complex+GPT2,5,0.01,16,3,,"RGCN(
  (layers): ModuleList(
    (0): RGCNConv(1636, 16, num_relations=18)
    (1): ReLU()
    (2): Dropout(p=0.2, inplace=False)
    (3): RGCNConv(16, 16, num_relations=18)
    (4): ReLU()
    (5): Dropout(p=0.2, inplace=False)
    (6): RGCNConv(16, 2, num_relations=18)
  )
)",0.343035011643183,0.22655093945540414,0.9990494251152814,0.27481172673480364,0.5494217321140398,0.724919311457773,0.36046139665446064,0.27481172673480364,0.27456517841133227,0.26182087143625604,0.04426849214171983,0.13268632951702175,0.21087919586668544,./core/experiments/qa/results/20231106073359,./data/MetaQA/source_data/kb.txt,./data/MetaQA/source_data/kb_entities.csv,./data/MetaQA/source_data/kb_properties.txt,./data/MetaQA/graph_embeddings/gpt2,./data/MetaQA/graph_embeddings/complex,data/MetaQA/source_data/two-hop/qca_train.csv,data/MetaQA/source_data/two-hop/qca_test.csv
2023:11:06 17:27:07,Task: 2-hop MetaQA with RGCN; node embeddings initialized with distmult+GPT2,5,0.01,16,3,,"RGCN(
  (layers): ModuleList(
    (0): RGCNConv(1636, 16, num_relations=18)
    (1): ReLU()
    (2): Dropout(p=0.2, inplace=False)
    (3): RGCNConv(16, 16, num_relations=18)
    (4): ReLU()
    (5): Dropout(p=0.2, inplace=False)
    (6): RGCNConv(16, 2, num_relations=18)
  )
)",0.24274296044163637,0.1499999546023201,0.9999708624708625,0.28254437869822485,0.5455890263582571,0.7044782140935987,0.39646784911072475,0.28254437869822485,0.2688721534875381,0.2542764927380312,0.04551411890861432,0.12993511909275046,0.20480270355166103,./core/experiments/qa/results/20231106122740,./data/MetaQA/source_data/kb.txt,./data/MetaQA/source_data/kb_entities.csv,./data/MetaQA/source_data/kb_properties.txt,./data/MetaQA/graph_embeddings/gpt2,./data/MetaQA/graph_embeddings/distmult,data/MetaQA/source_data/two-hop/qca_train.csv,data/MetaQA/source_data/two-hop/qca_test.csv
2023:11:06 22:08:40,Task: 2-hop MetaQA with RGCN; node embeddings initialized with transe+GPT2,5,0.01,16,3,,"RGCN(
  (layers): ModuleList(
    (0): RGCNConv(1636, 16, num_relations=18)
    (1): ReLU()
    (2): Dropout(p=0.2, inplace=False)
    (3): RGCNConv(16, 16, num_relations=18)
    (4): ReLU()
    (5): Dropout(p=0.2, inplace=False)
    (6): RGCNConv(16, 2, num_relations=18)
  )
)",0.32024602995803847,0.20826395383763313,0.9957768642188947,0.2774341043571813,0.5183566433566433,0.6983593329747176,0.3278768316617102,0.2774341043571813,0.25416890801506187,0.24097633136094673,0.04469092208875362,0.12282963075290014,0.1940903133563684,./core/experiments/qa/results/20231106172707,./data/MetaQA/source_data/kb.txt,./data/MetaQA/source_data/kb_entities.csv,./data/MetaQA/source_data/kb_properties.txt,./data/MetaQA/graph_embeddings/gpt2,./data/MetaQA/graph_embeddings/transe,data/MetaQA/source_data/two-hop/qca_train.csv,data/MetaQA/source_data/two-hop/qca_test.csv
2023:11:06 23:29:49,Task: 2-hop MetaQA with RGAT; node embeddings initialized with complex+GPT2,5,0.01,16,3,,"RGAT(
  (layers): ModuleList(
    (0): RGATConv(1636, 16, heads=1)
    (1): ReLU()
    (2): Dropout(p=0.2, inplace=False)
    (3): RGATConv(16, 16, heads=1)
    (4): ReLU()
    (5): Dropout(p=0.2, inplace=False)
    (6): RGATConv(16, 2, heads=1)
  )
)",0.34607541306916156,0.2293586843143495,0.9956578494909737,0.22895373856912318,0.46523668639053256,0.6440962883270576,0.3181880520392669,0.22895373856912318,0.24558454366146673,0.23804464766003228,0.036881383837180336,0.11868115204228633,0.1917290382678206,./core/experiments/qa/results/20231106220840,./data/MetaQA/source_data/kb.txt,./data/MetaQA/source_data/kb_entities.csv,./data/MetaQA/source_data/kb_properties.txt,./data/MetaQA/graph_embeddings/gpt2,./data/MetaQA/graph_embeddings/complex,data/MetaQA/source_data/two-hop/qca_train.csv,data/MetaQA/source_data/two-hop/qca_test.csv
2023:11:07 00:48:20,Task: 2-hop MetaQA with RGAT; node embeddings initialized with distmult+GPT2,5,0.01,16,3,,"RGAT(
  (layers): ModuleList(
    (0): RGATConv(1636, 16, heads=1)
    (1): ReLU()
    (2): Dropout(p=0.2, inplace=False)
    (3): RGATConv(16, 16, heads=1)
    (4): ReLU()
    (5): Dropout(p=0.2, inplace=False)
    (6): RGATConv(16, 2, heads=1)
  )
)",0.34697438141271464,0.22956828094085954,0.9986047606239914,0.2579343733189887,0.51728079612695,0.681750941366326,0.3669391750446367,0.2579343733189887,0.2577774789313251,0.24810381925766542,0.041549776328758815,0.12457350822655243,0.1998310280211865,./core/experiments/qa/results/20231106232949,./data/MetaQA/source_data/kb.txt,./data/MetaQA/source_data/kb_entities.csv,./data/MetaQA/source_data/kb_properties.txt,./data/MetaQA/graph_embeddings/gpt2,./data/MetaQA/graph_embeddings/distmult,data/MetaQA/source_data/two-hop/qca_train.csv,data/MetaQA/source_data/two-hop/qca_test.csv
2023:11:07 02:04:24,Task: 2-hop MetaQA with RGAT; node embeddings initialized with transe+GPT2,5,0.01,16,3,,"RGAT(
  (layers): ModuleList(
    (0): RGATConv(1636, 16, heads=1)
    (1): ReLU()
    (2): Dropout(p=0.2, inplace=False)
    (3): RGATConv(16, 16, heads=1)
    (4): ReLU()
    (5): Dropout(p=0.2, inplace=False)
    (6): RGATConv(16, 2, heads=1)
  )
)",0.3249008945553269,0.2137617980443225,0.9990791551106237,0.17912856374394837,0.4831898870360409,0.656670252824099,0.3139498875599896,0.17912856374394837,0.22579343733189888,0.22592791823561054,0.028855214843538448,0.10911690477995732,0.18196982333762984,./core/experiments/qa/results/20231107004820,./data/MetaQA/source_data/kb.txt,./data/MetaQA/source_data/kb_entities.csv,./data/MetaQA/source_data/kb_properties.txt,./data/MetaQA/graph_embeddings/gpt2,./data/MetaQA/graph_embeddings/transe,data/MetaQA/source_data/two-hop/qca_train.csv,data/MetaQA/source_data/two-hop/qca_test.csv
2023:11:09 15:28:46,Task: MetaQA with GNN,2,0.01,16,2,,"GCN(
  (layers): ModuleList(
    (0): GCNConv(1536, 16)
    (1): ReLU()
    (2): Dropout(p=0.2, inplace=False)
    (3): GCNConv(16, 2)
  )
)",0.3572898377974679,0.2634957648665772,0.8534577662129704,0.3344675740592474,0.5367293835068054,0.6662329863891113,0.38272326061186546,0.3344675740592474,0.2689151321056846,0.22718174539631705,0.17608936192633964,0.42473259918857686,0.5980294009168028,./core/experiments/qa/results\20231109145208,./data/MetaQA/source_data/kb.txt,./data/MetaQA/source_data/kb_entities.csv,./data/MetaQA/source_data/kb_properties.txt,,./data/MetaQA/graph_embeddings/roberta,data/MetaQA/source_data/one-hop/qca_dev.csv,data/MetaQA/source_data/one-hop/qca_dev.csv
2023:11:09 16:19:04,Task: MetaQA with GNN,2,0.01,16,2,,"GCN(
  (layers): ModuleList(
    (0): GCNConv(1536, 16)
    (1): ReLU()
    (2): Dropout(p=0.2, inplace=False)
    (3): GCNConv(16, 2)
  )
)",0.3871577353905815,0.2723941535227516,0.9999749799839872,0.3482786228983187,0.6364091273018415,0.7913330664531625,0.4492401115841103,0.3482786228983187,0.301774753135842,0.25190152121697357,0.183360556404447,0.4766320670214447,0.6631013225143579,./core/experiments/qa/results\20231109154757,./data/MetaQA/source_data/kb.txt,./data/MetaQA/source_data/kb_entities.csv,./data/MetaQA/source_data/kb_properties.txt,,./data/MetaQA/graph_embeddings/roberta,data/MetaQA/source_data/one-hop/qca_dev.csv,data/MetaQA/source_data/one-hop/qca_dev.csv
2023:11:09 16:37:46,Task: MetaQA 1-hop on Dev data with GCN initialized with DistMult embedding,2,0.01,16,2,,"GCN(
  (layers): ModuleList(
    (0): GCNConv(868, 16)
    (1): ReLU()
    (2): Dropout(p=0.2, inplace=False)
    (3): GCNConv(16, 2)
  )
)",0.347987577006888,0.23917108502744927,0.9744378836402456,0.3734987990392314,0.6304043234587671,0.7763210568454764,0.45360293435678456,0.3734987990392314,0.2994729116626635,0.2484987990392314,0.1966383897992518,0.47299646978239107,0.6541440539543706,./core/experiments/qa/results\20231109161904,./data/MetaQA/source_data/kb.txt,./data/MetaQA/source_data/kb_entities.csv,./data/MetaQA/source_data/kb_properties.txt,,./data/MetaQA/graph_embeddings/distmult,data/MetaQA/source_data/one-hop/qca_dev.csv,data/MetaQA/source_data/one-hop/qca_dev.csv
2023:11:09 17:14:03,Task: MetaQA 1-hop on Dev data with GCN initialized with DistMult+RoBERTa embedding,2,0.01,16,2,,"GCN(
  (layers): ModuleList(
    (0): GCNConv(1636, 16)
    (1): ReLU()
    (2): Dropout(p=0.2, inplace=False)
    (3): GCNConv(16, 2)
  )
)",0.26799454486133023,0.17022959883790575,0.9905674539631706,0.35558446757405926,0.6327061649319455,0.7863290632506005,0.45317122932878706,0.35558446757405926,0.30284227381905526,0.25242193755004005,0.1872069129037357,0.4783181411033247,0.6644712577058854,./core/experiments/qa/results\20231109163746,./data/MetaQA/source_data/kb.txt,./data/MetaQA/source_data/kb_entities.csv,./data/MetaQA/source_data/kb_properties.txt,./data/MetaQA/graph_embeddings/roberta,./data/MetaQA/graph_embeddings/distmult,data/MetaQA/source_data/one-hop/qca_dev.csv,data/MetaQA/source_data/one-hop/qca_dev.csv
2023:11:13 17:16:31,Task: MetaQA 1-hop on Dev data with GCN initialized with RoBERTa embedding,2,0.01,16,2,,"GCN(
  (layers): ModuleList(
    (0): GCNConv(1536, 16)
    (1): ReLU()
    (2): Dropout(p=0.2, inplace=False)
    (3): GCNConv(16, 2)
  )
)",0.37762714088689187,0.2625542216929914,0.9999749799839872,0.34947958366693355,0.641613290632506,0.7952361889511609,0.4569008226271529,0.34947958366693355,0.3039431545236189,0.2517814251401121,0.183992834185152,0.48005690500026343,0.6627851836240055,./core/experiments/qa/results\20231113164228,./data/MetaQA/source_data/kb.txt,./data/MetaQA/source_data/kb_entities.csv,./data/MetaQA/source_data/kb_properties.txt,./data/MetaQA/graph_embeddings/roberta,,data/MetaQA/source_data/one-hop/qca_dev.csv,data/MetaQA/source_data/one-hop/qca_dev.csv
